Year,Genre,
2026,Dance,
2026,Ballad,
2026,Rock,
2026,Ballad,Australia
2026,Pop,
2026,Ballad,
2026,Pop,
2026,Traditional,
2026,Traditional,
2026,Dance,
2026,Opera,
2026,Pop,
2026,Traditional,
2026,Rock,
2026,Traditional,
2026,Ballad,
2026,Rock,
2026,Pop,
2026,Pop,
2026,Dance,
2026,Pop,
2026,Ballad,
2026,Pop,
2026,Pop,
2026,Pop,
2026,Pop,
2026,Pop,
2026,Pop,
2026,Pop,
2026,Pop,
2026,Pop,
2026,Pop,
2026,Ballad,
2026,Ballad,
2026,Ballad,
2025,Opera,
2025,Ballad,
2025,Pop,
2025,Pop,
2025,Ballad,
2025,Traditional,
2025,Ballad,
2025,Traditional,
2025,Pop,
2025,Ballad,
2025,Pop,
2025,Pop,
2025,Traditional,
2025,Pop,
2025,Dance,
2025,Ballad,
2025,Pop,
2025,Pop,
2025,Pop,
2025,Pop,
2025,Ballad,
2025,Pop,
2025,Pop,
2025,Pop,
2025,Dance,
2025,Dance,
2025,Pop,
2025,Pop,Australia
2025,Ballad,
2025,Pop,
2025,Ballad,
2025,Dance,
2025,Ballad,
2025,Dance,
2025,Ballad,
2025,Ballad,
2025,Pop,
2024,Opera,
2024,Pop,
2024,Traditional,
2024,Ballad,
2024,Rock,
2024,Pop,
2024,Traditional,
2024,Pop,
2024,Ballad,
2024,Dance,
2024,Pop,
2024,Pop,
2024,Pop,
2024,Pop,
2024,Ballad,
2024,Ballad,
2024,Pop,
2024,Pop,
2024,Dance,
2024,Pop,
2024,Pop,
2024,Ballad,
2024,Dance,
2024,Rock,
2024,Pop,
2024,Pop,Australia
2024,Rock,
2024,Ballad,
2024,Pop,
2024,Pop,
2024,Ballad,
2024,Rock,
2024,Ballad,
2024,Traditional,
2024,Pop,
2024,Pop,
2023,Pop,
2023,Pop,
2023,Pop,
2023,Rock,
2023,Pop,
2023,Rock,
2023,Pop,
2023,Ballad,
2023,Pop,
2023,Traditional,
2023,Pop,
2023,Pop,
2023,Pop,
2023,Ballad,
2023,Pop,
2023,Pop,
2023,Ballad,
2023,Pop,
2023,Ballad,
2023,Pop,
2023,Ballad,
2023,Pop,
2023,Pop,
2023,Pop,
2023,Rock,
2023,Ballad,
2023,Rock,
2023,Pop,
2023,Traditional,
2023,Ballad,
2023,Rock,
2023,Ballad,
2023,Traditional,
2023,Ballad,
2023,Pop,
2023,Rock,
2023,Pop,
2022,Pop,
2022,Pop,
2022,Ballad,
2022,Ballad,
2022,Pop,
2022,Traditional,
2022,Rock,
2022,Ballad,
2022,Traditional,
2022,Ballad,
2022,Ballad,
2022,Rock,
2022,Dance,
2022,Traditional,
2022,Ballad,
2022,Pop,
2022,Ballad,
2022,Rock,
2022,Pop,
2022,Traditional,
2022,Ballad,
2022,Rock,
2022,Pop,
2022,Rock,
2022,Ballad,
2022,Pop,
2022,Pop,
2022,Ballad,
2022,Pop,
2022,Pop,
2022,Ballad,
2022,Ballad,
2022,Pop,
2022,Ballad,
2022,Dance,
2022,Ballad,
2022,Pop,
2022,Ballad,
2022,Pop,
2022,Traditional,
2021,Dance,
2021,Ballad,
2021,Traditional,
2021,Pop,
2021,Pop,
2021,Ballad,
2021,Pop,
2021,Pop,
2021,Pop,
2021,Pop,
2021,Ballad,
2021,Pop,
2021,Ballad,
2021,Pop,
2021,Traditional,
2021,Pop,
2021,Dance,
2021,Ballad,
2021,Ballad,
2021,Pop,
2021,Ballad,
2021,Pop,
2021,Pop,
2021,Pop,
2021,Pop,
2021,Ballad,
2021,Ballad,
2021,Traditional,
2021,Ballad,
2021,Rock,
2021,Ballad,
2021,Ballad,
2021,Pop,
2021,Ballad,
2021,Ballad,
2021,Pop,
2021,Pop,
2021,Ballad,
2021,Rock,
2019,Dance,
2019,Pop,
2019,Dance,
2019,Traditional,
2019,Ballad,
2019,Pop,
2019,Ballad,
2019,Dance,
2019,Ballad,
2019,Ballad,
2019,Traditional,
2019,Opera,
2019,Dance,
2019,Pop,
2019,Traditional,
2019,Pop,
2019,Dance,
2019,Pop,
2019,Pop,
2019,Ballad,
2019,Dance,
2019,Pop,
2019,Pop,
2019,Pop,
2019,Ballad,
2019,Ballad,
2019,Ballad,
2019,Pop,
2019,Pop,
2019,Ballad,
2019,Traditional,
2019,Dance,
2019,Ballad,
2019,Ballad,
2019,Pop,
2019,Ballad,
2019,Ballad,
2019,Ballad,
2019,Pop,
2019,Pop,
2019,Pop,
2018,Pop,
2018,Ballad,
2018,Rock,
2018,Pop,
2018,Pop,
2018,Ballad,
2018,Pop,
2018,Ballad,
2018,Opera,
2018,Pop,
2018,Pop,
2018,Pop,
2018,Pop,
2018,Pop,
2018,Pop,
2018,Pop,
2018,Pop,
2018,Traditional,
2018,Pop,
2018,Pop,
2018,Pop,
2018,Traditional,
2018,Pop,
2018,Traditional,
2018,Pop,
2018,Pop,
2018,Rock,
2018,Pop,
2018,Pop,
2018,Dance,
2018,Pop,
2018,Rock,
2018,Pop,
2018,Pop,
2018,Rock,
2018,Pop,
2018,Dance,
2018,Pop,
2018,Pop,
2018,Pop,
2018,Pop,
2018,Pop,
2018,Pop,
2017,Pop,
2017,Pop,
2017,Pop,
2017,Pop,
2017,Pop,
2017,Pop,
2017,Ballad,
2017,Pop,
2017,Ballad,
2017,Pop,
2017,Pop,
2017,Dance,
2017,Pop,
2017,Pop,
2017,Pop,
2017,Pop,
2017,Ballad,
2017,Pop,
2017,Pop,
2017,Pop,
2017,Pop,
2017,Ballad,
2017,Pop,
2017,Pop,
2017,Traditional,
2017,Pop,
2017,Ballad,
2017,Pop,
2017,Opera,
2017,Pop,
2017,Pop,
2017,Pop,
2017,Pop,
2017,Pop,
2017,Pop,
2017,Pop,
2017,Pop,
2017,Pop,
2017,Ballad,
2017,Pop,
2017,Rock,
2017,Pop,
2016,Pop,
2016,Pop,
2016,Pop,
2016,Pop,
2016,Pop,
2016,Pop,
2016,Pop,
2016,Pop,
2016,Pop,
2016,Pop,
2016,Rock,
2016,Pop,
2016,Pop,
2016,Pop,
2016,Pop,
2016,Pop,
2016,Pop,
2016,Pop,
2016,Pop,
2016,Pop,
2016,Pop,
2016,Ballad,
2016,Pop,
2016,Pop,
2016,Pop,
2016,Ballad,
2016,Ballad,
2016,Pop,
2016,Pop,
2016,Dance,
2016,Pop,
2016,Pop,
2016,Dance,
2016,Rock,
2016,Pop,
2016,Pop,
2016,Pop,
2016,Pop,
2016,Pop,
2016,Pop,
2016,Pop,
2016,Pop,
