Country,Count,Participation,,2024,2025,2026,
Belgium,69,Belgium,,1,1,1,37
France,70,Belgium,,1,1,1,37
Germany,70,France,,1,1,1,35
Italy,53,France,,1,1,1,
Luxembourg,41,Germany,,1,1,1,
Netherlands,67,Germany,,1,1,,
Switzerland,68,Italy,,1,1,1,
Austria,59,Italy,,1,1,1,
Denmark,55,Luxembourg,,1,1,1,
United Kingdom,69,Luxembourg,,1,1,1,
Sweden,66,Netherlands,,1,1,1,
Monaco,24,Netherlands,,,,,
Norway,65,Switzerland,,1,1,1,
Finland,60,Switzerland,,1,1,1,
Spain,65,Austria,,1,1,,
Yugoslavia,27,Belgium,,,,,
Portugal,58,Denmark,,1,1,1,
Ireland,59,France,,1,1,,
Malta,39,Germany,,1,1,1,
Israel,49,Italy,,1,1,1,
Greece,47,Luxembourg,,1,1,1,
Turkey,34,Netherlands,,,,,
Cyprus,43,Switzerland,,1,1,1,
Iceland,38,United Kingdom,,1,1,,
Bosnia and Herzegovina,19,Austria,,,,,
Croatia,32,Belgium,,1,1,1,
Slovenia,31,Denmark,,1,1,,
Estonia,32,France,,1,1,1,
Hungary,17,Germany,,,,,
Lithuania,27,Italy,,1,1,1,
Poland,29,Luxembourg,,1,1,1,
Romania,25,Netherlands,,,,1,
Russia,24,Sweden,,,,,
Slovakia,7,Switzerland,,,,,
The former Yugoslav Republic of Macedonia,22,Austria,,,,,
Latvia,27,Belgium,,1,1,1,
Ukraine,22,Denmark,,1,1,1,
Albania,23,France,,1,1,1,
Andorra,6,Germany,,,,,
Belarus,17,Italy,,,,,
Bulgaria,16,Monaco,,,,1,
Republic of Moldova,21,Netherlands,,1,,1,
Armenia,19,Sweden,,1,1,1,
Czech Republic,15,Switzerland,,1,1,1,
Georgia,19,United Kingdom,,1,1,1,
Montenegro,16,Austria,,,1,1,
Serbia,21,Belgium,,1,1,1,
Azerbaijan,19,Denmark,,1,1,1,
San Marino,17,France,,1,1,1,
Australia,12,Germany,,1,1,1,
,,Italy,,,,,
,,Luxembourg,,,,,
,,Monaco,,,,,
,,Netherlands,,,,,
,,Norway,,,,,
,,Sweden,,,,,
,,Switzerland,,,,,
,,United Kingdom,,,,,
,,Austria,,,,,
,,Belgium,,,,,
,,Denmark,,,,,
,,Finland,,,,,
,,France,,,,,
,,Germany,,,,,
,,Italy,,,,,
,,Luxembourg,,,,,
,,Monaco,,,,,
,,Netherlands,,,,,
,,Norway,,,,,
,,Spain,,,,,
,,Sweden,,,,,
,,Switzerland,,,,,
,,United Kingdom,,,,,
,,Yugoslavia,,,,,
,,Austria,,,,,
,,Belgium,,,,,
,,Denmark,,,,,
,,Finland,,,,,
,,France,,,,,
,,Germany,,,,,
,,Italy,,,,,
,,Luxembourg,,,,,
,,Monaco,,,,,
,,Netherlands,,,,,
,,Norway,,,,,
,,Spain,,,,,
,,Sweden,,,,,
,,Switzerland,,,,,
,,United Kingdom,,,,,
,,Yugoslavia,,,,,
,,Austria,,,,,
,,Belgium,,,,,
,,Denmark,,,,,
,,Finland,,,,,
,,France,,,,,
,,Germany,,,,,
,,Italy,,,,,
,,Luxembourg,,,,,
,,Monaco,,,,,
,,Netherlands,,,,,
,,Norway,,,,,
,,Spain,,,,,
,,Sweden,,,,,
,,Switzerland,,,,,
,,United Kingdom,,,,,
,,Yugoslavia,,,,,
,,Austria,,,,,
,,Belgium,,,,,
,,Denmark,,,,,
,,Finland,,,,,
,,France,,,,,
,,Germany,,,,,
,,Italy,,,,,
,,Luxembourg,,,,,
,,Monaco,,,,,
,,Netherlands,,,,,
,,Norway,,,,,
,,Portugal,,,,,
,,Spain,,,,,
,,Switzerland,,,,,
,,United Kingdom,,,,,
,,Yugoslavia,,,,,
,,Austria,,,,,
,,Belgium,,,,,
,,Denmark,,,,,
,,Finland,,,,,
,,France,,,,,
,,Germany,,,,,
,,Ireland,,,,,
,,Italy,,,,,
,,Luxembourg,,,,,
,,Monaco,,,,,
,,Netherlands,,,,,
,,Norway,,,,,
,,Portugal,,,,,
,,Spain,,,,,
,,Sweden,,,,,
,,Switzerland,,,,,
,,United Kingdom,,,,,
,,Yugoslavia,,,,,
,,Austria,,,,,
,,Belgium,,,,,
,,Denmark,,,,,
,,Finland,,,,,
,,France,,,,,
,,Germany,,,,,
,,Ireland,,,,,
,,Italy,,,,,
,,Luxembourg,,,,,
,,Monaco,,,,,
,,Netherlands,,,,,
,,Norway,,,,,
,,Portugal,,,,,
,,Spain,,,,,
,,Sweden,,,,,
,,Switzerland,,,,,
,,United Kingdom,,,,,
,,Yugoslavia,,,,,
,,Austria,,,,,
,,Belgium,,,,,
,,Finland,,,,,
,,France,,,,,
,,Germany,,,,,
,,Ireland,,,,,
,,Italy,,,,,
,,Luxembourg,,,,,
,,Monaco,,,,,
,,Netherlands,,,,,
,,Norway,,,,,
,,Portugal,,,,,
,,Spain,,,,,
,,Sweden,,,,,
,,Switzerland,,,,,
,,United Kingdom,,,,,
,,Yugoslavia,,,,,
,,Austria,,,,,
,,Belgium,,,,,
,,Finland,,,,,
,,France,,,,,
,,Germany,,,,,
,,Ireland,,,,,
,,Italy,,,,,
,,Luxembourg,,,,,
,,Monaco,,,,,
,,Netherlands,,,,,
,,Norway,,,,,
,,Portugal,,,,,
,,Spain,,,,,
,,Sweden,,,,,
,,Switzerland,,,,,
,,United Kingdom,,,,,
,,Yugoslavia,,,,,
,,Belgium,,,,,
,,Finland,,,,,
,,France,,,,,
,,Germany,,,,,
,,Ireland,,,,,
,,Italy,,,,,
,,Luxembourg,,,,,
,,Monaco,,,,,
,,Netherlands,,,,,
,,Norway,,,,,
,,Portugal,,,,,
,,Spain,,,,,
,,Sweden,,,,,
,,Switzerland,,,,,
,,United Kingdom,,,,,
,,Yugoslavia,,,,,
,,Belgium,,,,,
,,France,,,,,
,,Germany,,,,,
,,Ireland,,,,,
,,Italy,,,,,
,,Luxembourg,,,,,
,,Monaco,,,,,
,,Netherlands,,,,,
,,Spain,,,,,
,,Switzerland,,,,,
,,United Kingdom,,,,,
,,Yugoslavia,,,,,
,,Austria,,,,,
,,Belgium,,,,,
,,Finland,,,,,
,,France,,,,,
,,Germany,,,,,
,,Ireland,,,,,
,,Italy,,,,,
,,Luxembourg,,,,,
,,Malta,,,,,
,,Monaco,,,,,
,,Netherlands,,,,,
,,Norway,,,,,
,,Portugal,,,,,
,,Spain,,,,,
,,Sweden,,,,,
,,Switzerland,,,,,
,,United Kingdom,,,,,
,,Yugoslavia,,,,,
,,Austria,,,,,
,,Belgium,,,,,
,,Finland,,,,,
,,France,,,,,
,,Germany,,,,,
,,Ireland,,,,,
,,Italy,,,,,
,,Luxembourg,,,,,
,,Malta,,,,,
,,Monaco,,,,,
,,Netherlands,,,,,
,,Norway,,,,,
,,Portugal,,,,,
,,Spain,,,,,
,,Sweden,,,,,
,,Switzerland,,,,,
,,United Kingdom,,,,,
,,Yugoslavia,,,,,
,,Belgium,,,,,
,,Finland,,,,,
,,France,,,,,
,,Germany,,,,,
,,Ireland,,,,,
,,Israel,,,,,
,,Italy,,,,,
,,Luxembourg,,,,,
,,Monaco,,,,,
,,Netherlands,,,,,
,,Norway,,,,,
,,Portugal,,,,,
,,Spain,,,,,
,,Sweden,,,,,
,,Switzerland,,,,,
,,United Kingdom,,,,,
,,Yugoslavia,,,,,
,,Belgium,,,,,
,,Finland,,,,,
,,Germany,,,,,
,,Greece,,,,,
,,Ireland,,,,,
,,Israel,,,,,
,,Italy,,,,,
,,Luxembourg,,,,,
,,Monaco,,,,,
,,Netherlands,,,,,
,,Norway,,,,,
,,Portugal,,,,,
,,Spain,,,,,
,,Sweden,,,,,
,,Switzerland,,,,,
,,United Kingdom,,,,,
,,Yugoslavia,,,,,
,,Belgium,,,,,
,,Finland,,,,,
,,France,,,,,
,,Germany,,,,,
,,Ireland,,,,,
,,Israel,,,,,
,,Italy,,,,,
,,Luxembourg,,,,,
,,Malta,,,,,
,,Monaco,,,,,
,,Netherlands,,,,,
,,Norway,,,,,
,,Portugal,,,,,
,,Spain,,,,,
,,Sweden,,,,,
,,Switzerland,,,,,
,,Turkey,,,,,
,,United Kingdom,,,,,
,,Yugoslavia,,,,,
,,Austria,,,,,
,,Belgium,,,,,
,,Finland,,,,,
,,France,,,,,
,,Germany,,,,,
,,Greece,,,,,
,,Ireland,,,,,
,,Israel,,,,,
,,Italy,,,,,
,,Luxembourg,,,,,
,,Monaco,,,,,
,,Netherlands,,,,,
,,Norway,,,,,
,,Portugal,,,,,
,,Spain,,,,,
,,Switzerland,,,,,
,,United Kingdom,,,,,
,,Yugoslavia,,,,,
,,Austria,,,,,
,,Belgium,,,,,
,,Finland,,,,,
,,France,,,,,
,,Germany,,,,,
,,Greece,,,,,
,,Ireland,,,,,
,,Israel,,,,,
,,Italy,,,,,
,,Luxembourg,,,,,
,,Monaco,,,,,
,,Netherlands,,,,,
,,Norway,,,,,
,,Portugal,,,,,
,,Spain,,,,,
,,Sweden,,,,,
,,Switzerland,,,,,
,,United Kingdom,,,,,
,,Austria,,,,,
,,Belgium,,,,,
,,Denmark,,,,,
,,Finland,,,,,
,,France,,,,,
,,Germany,,,,,
,,Greece,,,,,
,,Ireland,,,,,
,,Israel,,,,,
,,Italy,,,,,
,,Luxembourg,,,,,
,,Monaco,,,,,
,,Netherlands,,,,,
,,Norway,,,,,
,,Portugal,,,,,
,,Spain,,,,,
,,Sweden,,,,,
,,Switzerland,,,,,
,,Turkey,,,,,
,,United Kingdom,,,,,
,,Austria,,,,,
,,Belgium,,,,,
,,Denmark,,,,,
,,Finland,,,,,
,,France,,,,,
,,Germany,,,,,
,,Greece,,,,,
,,Ireland,,,,,
,,Israel,,,,,
,,Italy,,,,,
,,Luxembourg,,,,,
,,Monaco,,,,,
,,Netherlands,,,,,
,,Norway,,,,,
,,Portugal,,,,,
,,Spain,,,,,
,,Sweden,,,,,
,,Switzerland,,,,,
,,United Kingdom,,,,,
,,Austria,,,,,
,,Belgium,,,,,
,,Denmark,,,,,
,,Finland,,,,,
,,France,,,,,
,,Germany,,,,,
,,Greece,,,,,
,,Ireland,,,,,
,,Italy,,,,,
,,Luxembourg,,,,,
,,Morocco,,,,,
,,Netherlands,,,,,
,,Norway,,,,,
,,Portugal,,,,,
,,Spain,,,,,
,,Sweden,,,,,
,,Switzerland,,,,,
,,Turkey,,,,,
,,United Kingdom,,,,,
,,Austria,,,,,
,,Belgium,,,,,
,,Cyprus,,,,,
,,Denmark,,,,,
,,Finland,,,,,
,,France,,,,,
,,Germany,,,,,
,,Greece,,,,,
,,Ireland,,,,,
,,Israel,,,,,
,,Luxembourg,,,,,
,,Netherlands,,,,,
,,Norway,,,,,
,,Portugal,,,,,
,,Spain,,,,,
,,Sweden,,,,,
,,Switzerland,,,,,
,,Turkey,,,,,
,,United Kingdom,,,,,
,,Yugoslavia,,,,,
,,Austria,,,,,
,,Belgium,,,,,
,,Cyprus,,,,,
,,Denmark,,,,,
,,Finland,,,,,
,,Germany,,,,,
,,Ireland,,,,,
,,Israel,,,,,
,,Luxembourg,,,,,
,,Netherlands,,,,,
,,Norway,,,,,
,,Portugal,,,,,
,,Spain,,,,,
,,Sweden,,,,,
,,Switzerland,,,,,
,,Turkey,,,,,
,,United Kingdom,,,,,
,,Yugoslavia,,,,,
,,Austria,,,,,
,,Belgium,,,,,
,,Cyprus,,,,,
,,Denmark,,,,,
,,Finland,,,,,
,,France,,,,,
,,Germany,,,,,
,,Greece,,,,,
,,Israel,,,,,
,,Italy,,,,,
,,Luxembourg,,,,,
,,Netherlands,,,,,
,,Norway,,,,,
,,Portugal,,,,,
,,Spain,,,,,
,,Sweden,,,,,
,,Switzerland,,,,,
,,Turkey,,,,,
,,United Kingdom,,,,,
,,Yugoslavia,,,,,
,,Austria,,,,,
,,Belgium,,,,,
,,Cyprus,,,,,
,,Denmark,,,,,
,,Finland,,,,,
,,France,,,,,
,,Germany,,,,,
,,Ireland,,,,,
,,Italy,,,,,
,,Luxembourg,,,,,
,,Netherlands,,,,,
,,Norway,,,,,
,,Portugal,,,,,
,,Spain,,,,,
,,Sweden,,,,,
,,Switzerland,,,,,
,,Turkey,,,,,
,,United Kingdom,,,,,
,,Yugoslavia,,,,,
,,Austria,,,,,
,,Belgium,,,,,
,,Cyprus,,,,,
,,Denmark,,,,,
,,Finland,,,,,
,,France,,,,,
,,Germany,,,,,
,,Greece,,,,,
,,Ireland,,,,,
,,Israel,,,,,
,,Italy,,,,,
,,Luxembourg,,,,,
,,Norway,,,,,
,,Portugal,,,,,
,,Spain,,,,,
,,Sweden,,,,,
,,Switzerland,,,,,
,,Turkey,,,,,
,,United Kingdom,,,,,
,,Austria,,,,,
,,Belgium,,,,,
,,Cyprus,,,,,
,,Denmark,,,,,
,,Finland,,,,,
,,France,,,,,
,,Germany,,,,,
,,Iceland,,,,,
,,Ireland,,,,,
,,Israel,,,,,
,,Luxembourg,,,,,
,,Netherlands,,,,,
,,Norway,,,,,
,,Portugal,,,,,
,,Spain,,,,,
,,Sweden,,,,,
,,Switzerland,,,,,
,,Turkey,,,,,
,,United Kingdom,,,,,
,,Yugoslavia,,,,,
,,Austria,,,,,
,,Belgium,,,,,
,,Cyprus,,,,,
,,Denmark,,,,,
,,Finland,,,,,
,,France,,,,,
,,Germany,,,,,
,,Greece,,,,,
,,Iceland,,,,,
,,Ireland,,,,,
,,Israel,,,,,
,,Italy,,,,,
,,Luxembourg,,,,,
,,Netherlands,,,,,
,,Norway,,,,,
,,Portugal,,,,,
,,Spain,,,,,
,,Sweden,,,,,
,,Switzerland,,,,,
,,Turkey,,,,,
,,United Kingdom,,,,,
,,Yugoslavia,,,,,
,,Austria,,,,,
,,Belgium,,,,,
,,Denmark,,,,,
,,Finland,,,,,
,,France,,,,,
,,Germany,,,,,
,,Greece,,,,,
,,Iceland,,,,,
,,Ireland,,,,,
,,Israel,,,,,
,,Italy,,,,,
,,Luxembourg,,,,,
,,Netherlands,,,,,
,,Norway,,,,,
,,Portugal,,,,,
,,Spain,,,,,
,,Sweden,,,,,
,,Switzerland,,,,,
,,Turkey,,,,,
,,United Kingdom,,,,,
,,Yugoslavia,,,,,
,,Austria,,,,,
,,Belgium,,,,,
,,Cyprus,,,,,
,,Denmark,,,,,
,,Finland,,,,,
,,France,,,,,
,,Germany,,,,,
,,Greece,,,,,
,,Iceland,,,,,
,,Ireland,,,,,
,,Israel,,,,,
,,Italy,,,,,
,,Luxembourg,,,,,
,,Netherlands,,,,,
,,Norway,,,,,
,,Portugal,,,,,
,,Spain,,,,,
,,Sweden,,,,,
,,Switzerland,,,,,
,,Turkey,,,,,
,,United Kingdom,,,,,
,,Yugoslavia,,,,,
,,Austria,,,,,
,,Belgium,,,,,
,,Cyprus,,,,,
,,Denmark,,,,,
,,Finland,,,,,
,,France,,,,,
,,Germany,,,,,
,,Greece,,,,,
,,Iceland,,,,,
,,Ireland,,,,,
,,Israel,,,,,
,,Italy,,,,,
,,Luxembourg,,,,,
,,Netherlands,,,,,
,,Norway,,,,,
,,Portugal,,,,,
,,Spain,,,,,
,,Sweden,,,,,
,,Switzerland,,,,,
,,Turkey,,,,,
,,United Kingdom,,,,,
,,Yugoslavia,,,,,
,,Austria,,,,,
,,Belgium,,,,,
,,Cyprus,,,,,
,,Denmark,,,,,
,,Finland,,,,,
,,France,,,,,
,,Germany,,,,,
,,Greece,,,,,
,,Iceland,,,,,
,,Ireland,,,,,
,,Israel,,,,,
,,Italy,,,,,
,,Luxembourg,,,,,
,,Malta,,,,,
,,Norway,,,,,
,,Portugal,,,,,
,,Spain,,,,,
,,Sweden,,,,,
,,Switzerland,,,,,
,,Turkey,,,,,
,,United Kingdom,,,,,
,,Yugoslavia,,,,,
,,Austria,,,,,
,,Belgium,,,,,
,,Cyprus,,,,,
,,Denmark,,,,,
,,Finland,,,,,
,,Yugoslavia,,,,,
,,France,,,,,
,,Germany,,,,,
,,Greece,,,,,
,,Iceland,,,,,
,,Ireland,,,,,
,,Israel,,,,,
,,Italy,,,,,
,,Luxembourg,,,,,
,,Malta,,,,,
,,Netherlands,,,,,
,,Norway,,,,,
,,Portugal,,,,,
,,Spain,,,,,
,,Sweden,,,,,
,,Switzerland,,,,,
,,Turkey,,,,,
,,United Kingdom,,,,,
,,Austria,,,,,
,,Belgium,,,,,
,,Bosnia and Herzegovina,,,,,
,,Croatia,,,,,
,,Cyprus,,,,,
,,Denmark,,,,,
,,Finland,,,,,
,,France,,,,,
,,Germany,,,,,
,,Greece,,,,,
,,Iceland,,,,,
,,Ireland,,,,,
,,Israel,,,,,
,,Italy,,,,,
,,Luxembourg,,,,,
,,Malta,,,,,
,,Netherlands,,,,,
,,Norway,,,,,
,,Portugal,,,,,
,,Slovenia,,,,,
,,Spain,,,,,
,,Sweden,,,,,
,,Switzerland,,,,,
,,Turkey,,,,,
,,United Kingdom,,,,,
,,Austria,,,,,
,,Bosnia and Herzegovina,,,,,
,,Croatia,,,,,
,,Cyprus,,,,,
,,Estonia,,,,,
,,Finland,,,,,
,,France,,,,,
,,Germany,,,,,
,,Greece,,,,,
,,Hungary,,,,,
,,Iceland,,,,,
,,Ireland,,,,,
,,Lithuania,,,,,
,,Malta,,,,,
,,Netherlands,,,,,
,,Norway,,,,,
,,Poland,,,,,
,,Portugal,,,,,
,,Romania,,,,,
,,Russia,,,,,
,,Slovakia,,,,,
,,Spain,,,,,
,,Sweden,,,,,
,,Switzerland,,,,,
,,United Kingdom,,,,,
,,Austria,,,,,
,,Belgium,,,,,
,,Bosnia and Herzegovina,,,,,
,,Croatia,,,,,
,,Cyprus,,,,,
,,Denmark,,,,,
,,France,,,,,
,,Germany,,,,,
,,Greece,,,,,
,,Hungary,,,,,
,,Iceland,,,,,
,,Ireland,,,,,
,,Israel,,,,,
,,Malta,,,,,
,,Norway,,,,,
,,Poland,,,,,
,,Portugal,,,,,
,,Russia,,,,,
,,Slovenia,,,,,
,,Spain,,,,,
,,Sweden,,,,,
,,Turkey,,,,,
,,United Kingdom,,,,,
,,Austria,,,,,
,,Belgium,,,,,
,,Bosnia and Herzegovina,,,,,
,,Croatia,,,,,
,,Cyprus,,,,,
,,Estonia,,,,,
,,Finland,,,,,
,,France,,,,,
,,Greece,,,,,
,,Iceland,,,,,
,,Ireland,,,,,
,,Malta,,,,,
,,Netherlands,,,,,
,,Norway,,,,,
,,Poland,,,,,
,,Portugal,,,,,
,,Slovakia,,,,,
,,Slovenia,,,,,
,,Spain,,,,,
,,Sweden,,,,,
,,Switzerland,,,,,
,,Turkey,,,,,
,,United Kingdom,,,,,
,,Austria,,,,,
,,Bosnia and Herzegovina,,,,,
,,Croatia,,,,,
,,Cyprus,,,,,
,,Denmark,,,,,
,,Estonia,,,,,
,,France,,,,,
,,Germany,,,,,
,,Greece,,,,,
,,Hungary,,,,,
,,Iceland,,,,,
,,Ireland,,,,,
,,Italy,,,,,
,,Malta,,,,,
,,Netherlands,,,,,
,,Norway,,,,,
,,Poland,,,,,
,,Portugal,,,,,
,,Russia,,,,,
,,Slovenia,,,,,
,,Spain,,,,,
,,Sweden,,,,,
,,Switzerland,,,,,
,,Turkey,,,,,
,,United Kingdom,,,,,
,,Belgium,,,,,
,,Croatia,,,,,
,,Cyprus,,,,,
,,Estonia,,,,,
,,Finland,,,,,
,,France,,,,,
,,Germany,,,,,
,,Greece,,,,,
,,Hungary,,,,,
,,Ireland,,,,,
,,Israel,,,,,
,,Malta,,,,,
,,Netherlands,,,,,
,,North Macedonia,,,,,
,,Norway,,,,,
,,Poland,,,,,
,,Portugal,,,,,
,,Romania,,,,,
,,Slovakia,,,,,
,,Slovenia,,,,,
,,Spain,,,,,
,,Sweden,,,,,
,,Switzerland,,,,,
,,Turkey,,,,,
,,United Kingdom,,,,,
,,Austria,,,,,
,,Belgium,,,,,
,,Bosnia and Herzegovina,,,,,
,,Croatia,,,,,
,,Cyprus,,,,,
,,Denmark,,,,,
,,Estonia,,,,,
,,France,,,,,
,,Germany,,,,,
,,Iceland,,,,,
,,Ireland,,,,,
,,Israel,,,,,
,,Lithuania,,,,,
,,Malta,,,,,
,,Netherlands,,,,,
,,Norway,,,,,
,,Poland,,,,,
,,Portugal,,,,,
,,Slovenia,,,,,
,,Spain,,,,,
,,Sweden,,,,,
,,Turkey,,,,,
,,United Kingdom,,,,,
,,Austria,,,,,
,,Belgium,,,,,
,,Croatia,,,,,
,,Cyprus,,,,,
,,Denmark,,,,,
,,Estonia,,,,,
,,Finland,,,,,
,,France,,,,,
,,Germany,,,,,
,,Iceland,,,,,
,,Ireland,,,,,
,,Israel,,,,,
,,Latvia,,,,,
,,Malta,,,,,
,,Netherlands,,,,,
,,North Macedonia,,,,,
,,Norway,,,,,
,,Romania,,,,,
,,Russia,,,,,
,,Spain,,,,,
,,Sweden,,,,,
,,Switzerland,,,,,
,,Turkey,,,,,
,,United Kingdom,,,,,
,,Bosnia and Herzegovina,,,,,
,,Croatia,,,,,
,,Denmark,,,,,
,,Estonia,,,,,
,,France,,,,,
,,Germany,,,,,
,,Greece,,,,,
,,Iceland,,,,,
,,Ireland,,,,,
,,Israel,,,,,
,,Latvia,,,,,
,,Lithuania,,,,,
,,Malta,,,,,
,,Netherlands,,,,,
,,Norway,,,,,
,,Poland,,,,,
,,Portugal,,,,,
,,Russia,,,,,
,,Slovenia,,,,,
,,Spain,,,,,
,,Sweden,,,,,
,,Turkey,,,,,
,,United Kingdom,,,,,
,,Austria,,,,,
,,Belgium,,,,,
,,Bosnia and Herzegovina,,,,,
,,Croatia,,,,,
,,Cyprus,,,,,
,,Denmark,,,,,
,,Estonia,,,,,
,,Finland,,,,,
,,France,,,,,
,,Germany,,,,,
,,Greece,,,,,
,,Israel,,,,,
,,Latvia,,,,,
,,Lithuania,,,,,
,,Malta,,,,,
,,North Macedonia,,,,,
,,Romania,,,,,
,,Russia,,,,,
,,Slovenia,,,,,
,,Spain,,,,,
,,Sweden,,,,,
,,Switzerland,,,,,
,,Turkey,,,,,
,,United Kingdom,,,,,
,,Austria,,,,,
,,Belgium,,,,,
,,Bosnia and Herzegovina,,,,,
,,Croatia,,,,,
,,Cyprus,,,,,
,,Estonia,,,,,
,,France,,,,,
,,Germany,,,,,
,,Greece,,,,,
,,Iceland,,,,,
,,Ireland,,,,,
,,Israel,,,,,
,,Latvia,,,,,
,,Malta,,,,,
,,Netherlands,,,,,
,,Norway,,,,,
,,Poland,,,,,
,,Portugal,,,,,
,,Romania,,,,,
,,Russia,,,,,
,,Slovenia,,,,,
,,Spain,,,,,
,,Sweden,,,,,
,,Turkey,,,,,
,,Ukraine,,,,,
,,United Kingdom,,,,,
,,Albania,,,,,
,,Andorra,,,,,
,,Austria,,,,,
,,Belarus,,,,,
,,Belgium,,,,,
,,Bosnia and Herzegovina,,,,,
,,Croatia,,,,,
,,Cyprus,,,,,
,,Denmark,,,,,
,,Estonia,,,,,
,,Finland,,,,,
,,France,,,,,
,,Germany,,,,,
,,Greece,,,,,
,,Iceland,,,,,
,,Ireland,,,,,
,,Israel,,,,,
,,Latvia,,,,,
,,Lithuania,,,,,
,,Malta,,,,,
,,Monaco,,,,,
,,Netherlands,,,,,
,,North Macedonia,,,,,
,,Norway,,,,,
,,Poland,,,,,
,,Portugal,,,,,
,,Romania,,,,,
,,Russia,,,,,
,,Serbia and Montenegro,,,,,
,,Slovenia,,,,,
,,Spain,,,,,
,,Sweden,,,,,
,,Switzerland,,,,,
,,Turkey,,,,,
,,Ukraine,,,,,
,,United Kingdom,,,,,
,,Albania,,,,,
,,Andorra,,,,,
,,Austria,,,,,
,,Belarus,,,,,
,,Belgium,,,,,
,,Bosnia and Herzegovina,,,,,
,,Bulgaria,,,,,
,,Croatia,,,,,
,,Cyprus,,,,,
,,Denmark,,,,,
,,Estonia,,,,,
,,Finland,,,,,
,,France,,,,,
,,Germany,,,,,
,,Greece,,,,,
,,Hungary,,,,,
,,Iceland,,,,,
,,Ireland,,,,,
,,Israel,,,,,
,,Latvia,,,,,
,,Lithuania,,,,,
,,Malta,,,,,
,,Moldova,,,,,
,,Monaco,,,,,
,,Netherlands,,,,,
,,North Macedonia,,,,,
,,Norway,,,,,
,,Poland,,,,,
,,Portugal,,,,,
,,Romania,,,,,
,,Russia,,,,,
,,Serbia and Montenegro,,,,,
,,Slovenia,,,,,
,,Spain,,,,,
,,Sweden,,,,,
,,Switzerland,,,,,
,,Turkey,,,,,
,,Ukraine,,,,,
,,United Kingdom,,,,,
,,Albania,,,,,
,,Andorra,,,,,
,,Armenia,,,,,
,,Belarus,,,,,
,,Belgium,,,,,
,,Bosnia and Herzegovina,,,,,
,,Bulgaria,,,,,
,,Croatia,,,,,
,,Cyprus,,,,,
,,Denmark,,,,,
,,Estonia,,,,,
,,Finland,,,,,
,,France,,,,,
,,Germany,,,,,
,,Greece,,,,,
,,Iceland,,,,,
,,Ireland,,,,,
,,Israel,,,,,
,,Latvia,,,,,
,,Lithuania,,,,,
,,Malta,,,,,
,,Moldova,,,,,
,,Monaco,,,,,
,,Netherlands,,,,,
,,North Macedonia,,,,,
,,Norway,,,,,
,,Poland,,,,,
,,Portugal,,,,,
,,Romania,,,,,
,,Russia,,,,,
,,Slovenia,,,,,
,,Spain,,,,,
,,Sweden,,,,,
,,Switzerland,,,,,
,,Turkey,,,,,
,,Ukraine,,,,,
,,United Kingdom,,,,,
,,Albania,,,,,
,,Andorra,,,,,
,,Armenia,,,,,
,,Austria,,,,,
,,Belarus,,,,,
,,Belgium,,,,,
,,Bosnia and Herzegovina,,,,,
,,Bulgaria,,,,,
,,Croatia,,,,,
,,Cyprus,,,,,
,,Czech Republic,,,,,
,,Denmark,,,,,
,,Estonia,,,,,
,,Finland,,,,,
,,France,,,,,
,,Georgia,,,,,
,,Germany,,,,,
,,Greece,,,,,
,,Hungary,,,,,
,,Iceland,,,,,
,,Ireland,,,,,
,,Israel,,,,,
,,Latvia,,,,,
,,Lithuania,,,,,
,,Malta,,,,,
,,Moldova,,,,,
,,Montenegro,,,,,
,,Netherlands,,,,,
,,North Macedonia,,,,,
,,Norway,,,,,
,,Poland,,,,,
,,Portugal,,,,,
,,Romania,,,,,
,,Russia,,,,,
,,Serbia,,,,,
,,Slovenia,,,,,
,,Spain,,,,,
,,Sweden,,,,,
,,Switzerland,,,,,
,,Turkey,,,,,
,,Ukraine,,,,,
,,United Kingdom,,,,,
,,Albania,,,,,
,,Andorra,,,,,
,,Armenia,,,,,
,,Azerbaijan,,,,,
,,Belarus,,,,,
,,Belgium,,,,,
,,Bosnia and Herzegovina,,,,,
,,Bulgaria,,,,,
,,Croatia,,,,,
,,Cyprus,,,,,
,,Czech Republic,,,,,
,,Denmark,,,,,
,,Estonia,,,,,
,,Finland,,,,,
,,France,,,,,
,,Georgia,,,,,
,,Germany,,,,,
,,Greece,,,,,
,,Hungary,,,,,
,,Iceland,,,,,
,,Ireland,,,,,
,,Israel,,,,,
,,Latvia,,,,,
,,Lithuania,,,,,
,,Malta,,,,,
,,Moldova,,,,,
,,Montenegro,,,,,
,,Netherlands,,,,,
,,North Macedonia,,,,,
,,Norway,,,,,
,,Poland,,,,,
,,Portugal,,,,,
,,Romania,,,,,
,,Russia,,,,,
,,San Marino,,,,,
,,Serbia,,,,,
,,Slovenia,,,,,
,,Spain,,,,,
,,Sweden,,,,,
,,Switzerland,,,,,
,,Turkey,,,,,
,,Ukraine,,,,,
,,United Kingdom,,,,,
,,Albania,,,,,
,,Andorra,,,,,
,,Armenia,,,,,
,,Azerbaijan,,,,,
,,Belarus,,,,,
,,Belgium,,,,,
,,Bosnia and Herzegovina,,,,,
,,Bulgaria,,,,,
,,Croatia,,,,,
,,Cyprus,,,,,
,,Czech Republic,,,,,
,,Denmark,,,,,
,,Estonia,,,,,
,,Finland,,,,,
,,France,,,,,
,,Germany,,,,,
,,Greece,,,,,
,,Hungary,,,,,
,,Iceland,,,,,
,,Ireland,,,,,
,,Israel,,,,,
,,Latvia,,,,,
,,Lithuania,,,,,
,,Malta,,,,,
,,Moldova,,,,,
,,Montenegro,,,,,
,,Netherlands,,,,,
,,North Macedonia,,,,,
,,Norway,,,,,
,,Poland,,,,,
,,Portugal,,,,,
,,Romania,,,,,
,,Russia,,,,,
,,Serbia,,,,,
,,Slovakia,,,,,
,,Slovenia,,,,,
,,Spain,,,,,
,,Sweden,,,,,
,,Switzerland,,,,,
,,Turkey,,,,,
,,Ukraine,,,,,
,,United Kingdom,,,,,
,,Albania,,,,,
,,Armenia,,,,,
,,Azerbaijan,,,,,
,,Belarus,,,,,
,,Belgium,,,,,
,,Bosnia and Herzegovina,,,,,
,,Bulgaria,,,,,
,,Croatia,,,,,
,,Cyprus,,,,,
,,Denmark,,,,,
,,Estonia,,,,,
,,Finland,,,,,
,,France,,,,,
,,Georgia,,,,,
,,Germany,,,,,
,,Greece,,,,,
,,Iceland,,,,,
,,Ireland,,,,,
,,Israel,,,,,
,,Latvia,,,,,
,,Lithuania,,,,,
,,Malta,,,,,
,,Moldova,,,,,
,,Netherlands,,,,,
,,North Macedonia,,,,,
,,Norway,,,,,
,,Poland,,,,,
,,Portugal,,,,,
,,Romania,,,,,
,,Russia,,,,,
,,Serbia,,,,,
,,Slovakia,,,,,
,,Slovenia,,,,,
,,Spain,,,,,
,,Sweden,,,,,
,,Switzerland,,,,,
,,Turkey,,,,,
,,Ukraine,,,,,
,,United Kingdom,,,,,
,,Albania,,,,,
,,Armenia,,,,,
,,Austria,,,,,
,,Azerbaijan,,,,,
,,Belarus,,,,,
,,Belgium,,,,,
,,Bosnia and Herzegovina,,,,,
,,Bulgaria,,,,,
,,Croatia,,,,,
,,Cyprus,,,,,
,,Denmark,,,,,
,,Estonia,,,,,
,,Finland,,,,,
,,France,,,,,
,,Georgia,,,,,
,,Germany,,,,,
,,Greece,,,,,
,,Hungary,,,,,
,,Iceland,,,,,
,,Ireland,,,,,
,,Israel,,,,,
,,Italy,,,,,
,,Latvia,,,,,
,,Lithuania,,,,,
,,Malta,,,,,
,,Moldova,,,,,
,,Netherlands,,,,,
,,North Macedonia,,,,,
,,Norway,,,,,
,,Poland,,,,,
,,Portugal,,,,,
,,Romania,,,,,
,,Russia,,,,,
,,San Marino,,,,,
,,Serbia,,,,,
,,Slovakia,,,,,
,,Slovenia,,,,,
,,Spain,,,,,
,,Sweden,,,,,
,,Switzerland,,,,,
,,Turkey,,,,,
,,Ukraine,,,,,
,,United Kingdom,,,,,
,,Albania,,,,,
,,Austria,,,,,
,,Azerbaijan,,,,,
,,Belarus,,,,,
,,Belgium,,,,,
,,Bosnia and Herzegovina,,,,,
,,Bulgaria,,,,,
,,Croatia,,,,,
,,Cyprus,,,,,
,,Denmark,,,,,
,,Estonia,,,,,
,,Finland,,,,,
,,France,,,,,
,,Georgia,,,,,
,,Germany,,,,,
,,Greece,,,,,
,,Hungary,,,,,
,,Iceland,,,,,
,,Ireland,,,,,
,,Israel,,,,,
,,Italy,,,,,
,,Latvia,,,,,
,,Lithuania,,,,,
,,Malta,,,,,
,,Moldova,,,,,
,,Montenegro,,,,,
,,Netherlands,,,,,
,,North Macedonia,,,,,
,,Norway,,,,,
,,Portugal,,,,,
,,Romania,,,,,
,,Russia,,,,,
,,San Marino,,,,,
,,Serbia,,,,,
,,Slovakia,,,,,
,,Slovenia,,,,,
,,Spain,,,,,
,,Sweden,,,,,
,,Switzerland,,,,,
,,Turkey,,,,,
,,Ukraine,,,,,
,,United Kingdom,,,,,
,,Albania,,,,,
,,Armenia,,,,,
,,Austria,,,,,
,,Azerbaijan,,,,,
,,Belarus,,,,,
,,Belgium,,,,,
,,Bulgaria,,,,,
,,Croatia,,,,,
,,Cyprus,,,,,
,,Denmark,,,,,
,,Estonia,,,,,
,,Finland,,,,,
,,France,,,,,
,,Georgia,,,,,
,,Germany,,,,,
,,Greece,,,,,
,,Hungary,,,,,
,,Iceland,,,,,
,,Ireland,,,,,
,,Israel,,,,,
,,Italy,,,,,
,,Latvia,,,,,
,,Lithuania,,,,,
,,Malta,,,,,
,,Moldova,,,,,
,,Montenegro,,,,,
,,Netherlands,,,,,
,,North Macedonia,,,,,
,,Norway,,,,,
,,Romania,,,,,
,,Russia,,,,,
,,San Marino,,,,,
,,Serbia,,,,,
,,Slovenia,,,,,
,,Spain,,,,,
,,Sweden,,,,,
,,Switzerland,,,,,
,,Ukraine,,,,,
,,United Kingdom,,,,,
,,Albania,,,,,
,,Armenia,,,,,
,,Austria,,,,,
,,Azerbaijan,,,,,
,,Belarus,,,,,
,,Belgium,,,,,
,,Denmark,,,,,
,,Estonia,,,,,
,,Finland,,,,,
,,France,,,,,
,,Georgia,,,,,
,,Germany,,,,,
,,Greece,,,,,
,,Hungary,,,,,
,,Iceland,,,,,
,,Ireland,,,,,
,,Israel,,,,,
,,Italy,,,,,
,,Latvia,,,,,
,,Lithuania,,,,,
,,Malta,,,,,
,,Moldova,,,,,
,,Montenegro,,,,,
,,Netherlands,,,,,
,,North Macedonia,,,,,
,,Norway,,,,,
,,Poland,,,,,
,,Portugal,,,,,
,,Romania,,,,,
,,Russia,,,,,
,,San Marino,,,,,
,,Slovenia,,,,,
,,Spain,,,,,
,,Sweden,,,,,
,,Switzerland,,,,,
,,Ukraine,,,,,
,,United Kingdom,,,,,
,,Albania,,,,,
,,Armenia,,,,,
,,Australia,,,,,
,,Austria,,,,,
,,Azerbaijan,,,,,
,,Belarus,,,,,
,,Belgium,,,,,
,,Cyprus,,,,,
,,Czech Republic,,,,,
,,Denmark,,,,,
,,Estonia,,,,,
,,Finland,,,,,
,,France,,,,,
,,Georgia,,,,,
,,Germany,,,,,
,,Greece,,,,,
,,Hungary,,,,,
,,Iceland,,,,,
,,Ireland,,,,,
,,Israel,,,,,
,,Italy,,,,,
,,Latvia,,,,,
,,Lithuania,,,,,
,,Malta,,,,,
,,Moldova,,,,,
,,Montenegro,,,,,
,,Netherlands,,,,,
,,North Macedonia,,,,,
,,Norway,,,,,
,,Poland,,,,,
,,Portugal,,,,,
,,Romania,,,,,
,,Russia,,,,,
,,San Marino,,,,,
,,Serbia,,,,,
,,Slovenia,,,,,
,,Spain,,,,,
,,Sweden,,,,,
,,Switzerland,,,,,
,,United Kingdom,,,,,
,,Albania,,,,,
,,Armenia,,,,,
,,Australia,,,,,
,,Austria,,,,,
,,Azerbaijan,,,,,
,,Belarus,,,,,
,,Belgium,,,,,
,,Bosnia and Herzegovina,,,,,
,,Bulgaria,,,,,
,,Croatia,,,,,
,,Cyprus,,,,,
,,Czech Republic,,,,,
,,Denmark,,,,,
,,Estonia,,,,,
,,Finland,,,,,
,,France,,,,,
,,Georgia,,,,,
,,Germany,,,,,
,,Greece,,,,,
,,Hungary,,,,,
,,Iceland,,,,,
,,Ireland,,,,,
,,Israel,,,,,
,,Italy,,,,,
,,Latvia,,,,,
,,Lithuania,,,,,
,,Malta,,,,,
,,Moldova,,,,,
,,Montenegro,,,,,
,,Netherlands,,,,,
,,North Macedonia,,,,,
,,Norway,,,,,
,,Poland,,,,,
,,Russia,,,,,
,,San Marino,,,,,
,,Serbia,,,,,
,,Slovenia,,,,,
,,Spain,,,,,
,,Sweden,,,,,
,,Switzerland,,,,,
,,Ukraine,,,,,
,,United Kingdom,,,,,
,,Albania,,,,,
,,Armenia,,,,,
,,Australia,,,,,
,,Austria,,,,,
,,Azerbaijan,,,,,
,,Belarus,,,,,
,,Belgium,,,,,
,,Bulgaria,,,,,
,,Croatia,,,,,
,,Cyprus,,,,,
,,Czech Republic,,,,,
,,Denmark,,,,,
,,Estonia,,,,,
,,Finland,,,,,
,,France,,,,,
,,Georgia,,,,,
,,Germany,,,,,
,,Greece,,,,,
,,Hungary,,,,,
,,Iceland,,,,,
,,Ireland,,,,,
,,Israel,,,,,
,,Italy,,,,,
,,Latvia,,,,,
,,Lithuania,,,,,
,,Malta,,,,,
,,Moldova,,,,,
,,Montenegro,,,,,
,,Netherlands,,,,,
,,North Macedonia,,,,,
,,Norway,,,,,
,,Poland,,,,,
,,Portugal,,,,,
,,Romania,,,,,
,,San Marino,,,,,
,,Serbia,,,,,
,,Slovenia,,,,,
,,Spain,,,,,
,,Sweden,,,,,
,,Switzerland,,,,,
,,Ukraine,,,,,
,,United Kingdom,,,,,
,,Albania,,,,,
,,Armenia,,,,,
,,Australia,,,,,
,,Austria,,,,,
,,Azerbaijan,,,,,
,,Belarus,,,,,
,,Belgium,,,,,
,,Bulgaria,,,,,
,,Croatia,,,,,
,,Cyprus,,,,,
,,Czech Republic,,,,,
,,Denmark,,,,,
,,Estonia,,,,,
,,Finland,,,,,
,,France,,,,,
,,Georgia,,,,,
,,Germany,,,,,
,,Greece,,,,,
,,Hungary,,,,,
,,Iceland,,,,,
,,Ireland,,,,,
,,Israel,,,,,
,,Italy,,,,,
,,Latvia,,,,,
,,Lithuania,,,,,
,,Malta,,,,,
,,Moldova,,,,,
,,Montenegro,,,,,
,,Netherlands,,,,,
,,North Macedonia,,,,,
,,Norway,,,,,
,,Poland,,,,,
,,Portugal,,,,,
,,Romania,,,,,
,,Russia,,,,,
,,San Marino,,,,,
,,Serbia,,,,,
,,Slovenia,,,,,
,,Spain,,,,,
,,Sweden,,,,,
,,Switzerland,,,,,
,,Ukraine,,,,,
,,United Kingdom,,,,,
,,Albania,,,,,
,,Armenia,,,,,
,,Australia,,,,,
,,Austria,,,,,
,,Azerbaijan,,,,,
,,Belarus,,,,,
,,Belgium,,,,,
,,Croatia,,,,,
,,Cyprus,,,,,
,,Czech Republic,,,,,
,,Denmark,,,,,
,,Estonia,,,,,
,,Finland,,,,,
,,France,,,,,
,,Georgia,,,,,
,,Germany,,,,,
,,Greece,,,,,
,,Hungary,,,,,
,,Iceland,,,,,
,,Ireland,,,,,
,,Israel,,,,,
,,Italy,,,,,
,,Latvia,,,,,
,,Lithuania,,,,,
,,Malta,,,,,
,,Moldova,,,,,
,,Montenegro,,,,,
,,Netherlands,,,,,
,,North Macedonia,,,,,
,,Norway,,,,,
,,Poland,,,,,
,,Portugal,,,,,
,,Romania,,,,,
,,Russia,,,,,
,,San Marino,,,,,
,,Serbia,,,,,
,,Slovenia,,,,,
,,Spain,,,,,
,,Sweden,,,,,
,,Switzerland,,,,,
,,United Kingdom,,,,,
,,Albania,,,,,
,,Armenia,,,,,
,,Australia,,,,,
,,Austria,,,,,
,,Azerbaijan,,,,,
,,Belarus,,,,,
,,Belgium,,,,,
,,Bulgaria,,,,,
,,Croatia,,,,,
,,Cyprus,,,,,
,,Czech Republic,,,,,
,,Denmark,,,,,
,,Estonia,,,,,
,,Finland,,,,,
,,France,,,,,
,,Georgia,,,,,
,,Germany,,,,,
,,Greece,,,,,
,,Iceland,,,,,
,,Ireland,,,,,
,,Israel,,,,,
,,Italy,,,,,
,,Latvia,,,,,
,,Lithuania,,,,,
,,Malta,,,,,
,,Moldova,,,,,
,,Netherlands,,,,,
,,North Macedonia,,,,,
,,Norway,,,,,
,,Poland,,,,,
,,Portugal,,,,,
,,Romania,,,,,
,,Russia,,,,,
,,San Marino,,,,,
,,Serbia,,,,,
,,Slovenia,,,,,
,,Spain,,,,,
,,Sweden,,,,,
,,Switzerland,,,,,
,,Ukraine,,,,,
,,United Kingdom,,,,,
,,Albania,,,,,
,,Australia,,,,,
,,Austria,,,,,
,,Azerbaijan,,,,,
,,Belgium,,,,,
,,Bulgaria,,,,,
,,Croatia,,,,,
,,Cyprus,,,,,
,,Czech Republic,,,,,
,,Denmark,,,,,
,,Estonia,,,,,
,,Finland,,,,,
,,France,,,,,
,,Georgia,,,,,
,,Germany,,,,,
,,Greece,,,,,
,,Iceland,,,,,
,,Ireland,,,,,
,,Israel,,,,,
,,Italy,,,,,
,,Latvia,,,,,
,,Lithuania,,,,,
,,Malta,,,,,
,,Moldova,,,,,
,,Netherlands,,,,,
,,North Macedonia,,,,,
,,Norway,,,,,
,,Poland,,,,,
,,Portugal,,,,,
,,Romania,,,,,
,,Russia,,,,,
,,San Marino,,,,,
,,Serbia,,,,,
,,Slovenia,,,,,
,,Spain,,,,,
,,Sweden,,,,,
,,Switzerland,,,,,
,,Ukraine,,,,,
,,United Kingdom,,,,,
,,Albania,,,,,
,,Armenia,,,,,
,,Australia,,,,,
,,Austria,,,,,
,,Azerbaijan,,,,,
,,Belgium,,,,,
,,Bulgaria,,,,,
,,Croatia,,,,,
,,Cyprus,,,,,
,,Czech Republic,,,,,
,,Denmark,,,,,
,,Estonia,,,,,
,,Finland,,,,,
,,France,,,,,
,,Georgia,,,,,
,,Germany,,,,,
,,Greece,,,,,
,,Iceland,,,,,
,,Ireland,,,,,
,,Israel,,,,,
,,Italy,,,,,
,,Latvia,,,,,
,,Lithuania,,,,,
,,Malta,,,,,
,,Moldova,,,,,
,,Montenegro,,,,,
,,Netherlands,,,,,
,,North Macedonia,,,,,
,,Norway,,,,,
,,Poland,,,,,
,,Portugal,,,,,
,,Romania,,,,,
,,San Marino,,,,,
,,Serbia,,,,,
,,Slovenia,,,,,
,,Spain,,,,,
,,Sweden,,,,,
,,Switzerland,,,,,
,,Ukraine,,,,,
,,United Kingdom,,,,,
,,Albania,,,,,
,,Armenia,,,,,
,,Australia,,,,,
,,Austria,,,,,
,,Azerbaijan,,,,,
,,Belgium,,,,,
,,Croatia,,,,,
,,Cyprus,,,,,
,,Czech Republic,,,,,
,,Denmark,,,,,
,,Estonia,,,,,
,,Finland,,,,,
,,France,,,,,
,,Georgia,,,,,
,,Germany,,,,,
,,Greece,,,,,
,,Iceland,,,,,
,,Ireland,,,,,
,,Israel,,,,,
,,Italy,,,,,
,,Latvia,,,,,
,,Lithuania,,,,,
,,Malta,,,,,
,,Moldova,,,,,
,,Netherlands,,,,,
,,Norway,,,,,
,,Poland,,,,,
,,Portugal,,,,,
,,Romania,,,,,
,,San Marino,,,,,
,,Serbia,,,,,
,,Slovenia,,,,,
,,Spain,,,,,
,,Sweden,,,,,
,,Switzerland,,,,,
,,Ukraine,,,,,
,,United Kingdom,,,,,
